{"cameraMode":{"drawMode":0,"name":"Shaded","section":"Shading Mode"},"sceneLighting":true,"audioPlay":false,"sceneViewState":{"m_AlwaysRefresh":false,"showFog":true,"showSkybox":false,"showFlares":true,"showImageEffects":true,"showParticleSystems":true,"showVisualEffectGraphs":true,"m_FxEnabled":true},"in2DMode":false,"pivot":{"x":1.7607402801513672,"y":1.096498727798462,"z":2.351155996322632},"rotation":{"x":0.03024178184568882,"y":-0.7754872441291809,"z":0.03725208342075348,"w":0.6295453906059265},"size":1.0377452373504639,"orthographic":false}