{"cameraMode":{"drawMode":0,"name":"Shaded","section":"Shading Mode"},"sceneLighting":true,"audioPlay":false,"sceneViewState":{"m_AlwaysRefresh":false,"showFog":true,"showSkybox":false,"showFlares":true,"showImageEffects":true,"showParticleSystems":true,"showVisualEffectGraphs":true,"m_FxEnabled":true},"in2DMode":false,"pivot":{"x":-1.1540502309799195,"y":0.9003198742866516,"z":0.8841891288757324},"rotation":{"x":0.028597896918654443,"y":-0.8634689450263977,"z":0.04927115514874458,"w":0.5011752247810364},"size":1.3113715648651124,"orthographic":false}