{"cameraMode":{"drawMode":0,"name":"Shaded","section":"Shading Mode"},"sceneLighting":true,"audioPlay":false,"sceneViewState":{"m_AlwaysRefresh":false,"showFog":true,"showSkybox":false,"showFlares":true,"showImageEffects":true,"showParticleSystems":true,"showVisualEffectGraphs":true,"m_FxEnabled":true},"in2DMode":false,"pivot":{"x":-0.3586099147796631,"y":0.5620125532150269,"z":-1.7321311235427857},"rotation":{"x":0.06643408536911011,"y":-0.8116774559020996,"z":0.09416795521974564,"w":0.5726271271705627},"size":0.7693500518798828,"orthographic":false}