{"cameraMode":{"drawMode":0,"name":"Shaded","section":"Shading Mode"},"sceneLighting":false,"audioPlay":false,"sceneViewState":{"m_AlwaysRefresh":false,"showFog":true,"showSkybox":false,"showFlares":true,"showImageEffects":true,"showParticleSystems":true,"showVisualEffectGraphs":true,"m_FxEnabled":true},"in2DMode":false,"pivot":{"x":2.984567165374756,"y":0.5649383068084717,"z":-2.984999895095825},"rotation":{"x":0.4074332118034363,"y":0.03748095780611038,"z":-0.016832221299409868,"w":0.9123601913452148},"size":1.1307226419448853,"orthographic":false}