{"cameraMode":{"drawMode":0,"name":"Shaded","section":"Shading Mode"},"sceneLighting":true,"audioPlay":false,"sceneViewState":{"m_AlwaysRefresh":false,"showFog":true,"showSkybox":false,"showFlares":true,"showImageEffects":true,"showParticleSystems":true,"showVisualEffectGraphs":true,"m_FxEnabled":true},"in2DMode":false,"pivot":{"x":-0.49552106857299807,"y":0.5176748633384705,"z":-1.5630264282226563},"rotation":{"x":0.08235666900873184,"y":-0.797898530960083,"z":0.11203465610742569,"w":0.5865368843078613},"size":0.7949748635292053,"orthographic":false}