{"cameraMode":{"drawMode":0,"name":"Shaded","section":"Shading Mode"},"sceneLighting":false,"audioPlay":false,"sceneViewState":{"m_AlwaysRefresh":false,"showFog":true,"showSkybox":false,"showFlares":true,"showImageEffects":true,"showParticleSystems":true,"showVisualEffectGraphs":true,"m_FxEnabled":true},"in2DMode":false,"pivot":{"x":0.22700095176696778,"y":1.1741786003112794,"z":0.24815553426742555},"rotation":{"x":-0.0523126982152462,"y":0.9434251189231873,"z":-0.18076388537883759,"w":-0.273022323846817},"size":1.0406231880187989,"orthographic":false}