{"cameraMode":{"drawMode":0,"name":"Shaded","section":"Shading Mode"},"sceneLighting":true,"audioPlay":false,"sceneViewState":{"m_AlwaysRefresh":false,"showFog":true,"showSkybox":false,"showFlares":true,"showImageEffects":true,"showParticleSystems":true,"showVisualEffectGraphs":true,"m_FxEnabled":true},"in2DMode":false,"pivot":{"x":-0.04388260841369629,"y":1.0021482706069947,"z":1.0663495063781739},"rotation":{"x":0.023934198543429376,"y":-0.874151885509491,"z":0.04330580309033394,"w":0.4831252098083496},"size":1.0807902812957764,"orthographic":false}