{"cameraMode":{"drawMode":0,"name":"Shaded","section":"Shading Mode"},"sceneLighting":false,"audioPlay":false,"sceneViewState":{"m_AlwaysRefresh":false,"showFog":true,"showSkybox":false,"showFlares":true,"showImageEffects":true,"showParticleSystems":true,"showVisualEffectGraphs":true,"m_FxEnabled":true},"in2DMode":false,"pivot":{"x":-0.7598999738693237,"y":0.7843887209892273,"z":-0.16976255178451539},"rotation":{"x":-0.052680447697639468,"y":0.9276108741760254,"z":-0.14333616197109223,"w":-0.3409177362918854},"size":1.504064679145813,"orthographic":false}