{"cameraMode":{"drawMode":0,"name":"Shaded","section":"Shading Mode"},"sceneLighting":false,"audioPlay":false,"sceneViewState":{"m_AlwaysRefresh":false,"showFog":true,"showSkybox":false,"showFlares":true,"showImageEffects":true,"showParticleSystems":true,"showVisualEffectGraphs":true,"m_FxEnabled":true},"in2DMode":false,"pivot":{"x":0.551749587059021,"y":1.0828917026519776,"z":0.05508619546890259},"rotation":{"x":-0.12217147648334503,"y":0.8609726428985596,"z":-0.2455356866121292,"w":-0.4283912181854248},"size":1.1294968128204346,"orthographic":false}