{"cameraMode":{"drawMode":0,"name":"Shaded","section":"Shading Mode"},"sceneLighting":true,"audioPlay":false,"sceneViewState":{"m_AlwaysRefresh":false,"showFog":true,"showSkybox":false,"showFlares":true,"showImageEffects":true,"showParticleSystems":true,"showVisualEffectGraphs":true,"m_FxEnabled":true},"in2DMode":false,"pivot":{"x":-0.03863007202744484,"y":1.0543526411056519,"z":0.808479905128479},"rotation":{"x":0.053718190640211108,"y":-0.8243936896324158,"z":0.07938563823699951,"w":0.5578451752662659},"size":0.6646326780319214,"orthographic":false}