{"cameraMode":{"drawMode":0,"name":"Shaded","section":"Shading Mode"},"sceneLighting":true,"audioPlay":false,"sceneViewState":{"m_AlwaysRefresh":false,"showFog":true,"showSkybox":false,"showFlares":true,"showImageEffects":true,"showParticleSystems":true,"showVisualEffectGraphs":true,"m_FxEnabled":true},"in2DMode":false,"pivot":{"x":-0.21502071619033814,"y":1.1446640491485596,"z":1.279987096786499},"rotation":{"x":0.008545576594769955,"y":-0.9581266641616821,"z":0.028752457350492479,"w":0.2847682535648346},"size":1.120305061340332,"orthographic":false}