{"cameraMode":{"drawMode":0,"name":"Shaded","section":"Shading Mode"},"sceneLighting":true,"audioPlay":false,"sceneViewState":{"m_AlwaysRefresh":false,"showFog":true,"showSkybox":false,"showFlares":true,"showImageEffects":true,"showParticleSystems":true,"showVisualEffectGraphs":true,"m_FxEnabled":true},"in2DMode":false,"pivot":{"x":0.043793752789497378,"y":0.902970552444458,"z":1.1154000759124756},"rotation":{"x":0.33681797981262209,"y":-0.6446371078491211,"z":0.3798730671405792,"w":0.5715769529342651},"size":1.0683594942092896,"orthographic":false}