{"cameraMode":{"drawMode":0,"name":"Shaded","section":"Shading Mode"},"sceneLighting":false,"audioPlay":false,"sceneViewState":{"m_AlwaysRefresh":false,"showFog":true,"showSkybox":false,"showFlares":true,"showImageEffects":true,"showParticleSystems":true,"showVisualEffectGraphs":true,"m_FxEnabled":true},"in2DMode":false,"pivot":{"x":1.4662936925888062,"y":0.7624739408493042,"z":3.363992214202881},"rotation":{"x":0.00679949251934886,"y":-0.9554630517959595,"z":0.2943134307861328,"w":0.022080792114138604},"size":1.5098835229873658,"orthographic":false}